INSERT INTO companies (id, name, address, postal_code, description, url, date_created) VALUES (1, 'honeywell international', '2526 cta 95th st, fort lauderdale, florida, united states, 33930', 5611, 'Lorem ipsum aenean suscipit ante tincidunt taciti, dictum mi fames inceptos vel natoque aenean?\nNulla in nullam lacus, auctor vel phasellus pulvinar senectus.\n', 'http://www.digg.com/books/howto/fr/fr/2013/09/404.html', {ts '2017-01-01'});
INSERT INTO companies (id, name, address, postal_code, description, url, date_created) VALUES (2, 'nacco industries', '787 corbett, peoria, arizona, united states, 85300', 5086, 'Lorem ipsum tempor viverra volutpat iaculis morbi metus sapien quis integer!\nDignissim elementum pharetra praesent fermentum tellus pellentesque sem.\n', 'http://www.google.com.br/wikipedia/resources/2015/09/404.html', {ts '2017-01-01'});
INSERT INTO companies (id, name, address, postal_code, description, url, date_created) VALUES (3, 'cme group', '9745 senour, virginia beach, virginia, united states, 23770', 5516, 'Lorem ipsum eget nunc facilisis hendrerit rhoncus sed nam curabitur.\nBlandit taciti blandit tincidunt facilisis habitasse ornare sagittis.\n', 'http://www.dailymail.co.uk/cart/articles/2015/01/robots.txt', {ts '2017-01-01'});
INSERT INTO companies (id, name, address, postal_code, description, url, date_created) VALUES (4, 'regal entertainment group', '6819 rainey, chicago, illinois, united states, 60720', 2356, 'Lorem ipsum mi litora quisque porttitor, venenatis tempus massa ipsum mollis duis cras.\nDis aenean purus cras placerat nibh nisi nullam molestie imperdiet?\n', 'http://www.storify.com/media/features/wiki/2014/12/503.html', {ts '2017-01-01'});
INSERT INTO companies (id, name, address, postal_code, description, url, date_created) VALUES (5, 'expedia', '3590 luella, fort wayne, indiana, united states, 46216 ', 1363, 'Lorem ipsum nullam duis ut etiam placerat inceptos non curabitur aliquet suscipit.\nTellus facilisis, lacus nulla nullam inceptos eros semper luctus malesuada urna.\n', 'http://www.cnet.com/media/resources/howto/comics/2013/02/article', {ts '2017-01-01'});
INSERT INTO companies (id, name, address, postal_code, description, url, date_created) VALUES (6, 'the mosaic company', '7875 randolph lower, elizabeth, new jersey, united states, 07203', 6814, 'Lorem ipsum congue neque duis tincidunt dolor integer id donec nullam vehicula cum justo!\nFermentum faucibus erat himenaeos vestibulum taciti tellus penatibus magna.\n', 'http://www.gov.uk/wiki/index/2015/07/ping', {ts '2017-01-01'});
INSERT INTO companies (id, name, address, postal_code, description, url, date_created) VALUES (7, 'philip morris international', '1610 delaware, tulsa, oklahoma, united states, 74580', 5375, 'Lorem ipsum luctus id ad cubilia porttitor neque semper litora.\nLacus est aliquam dolor cum potenti, purus tincidunt suscipit nullam.\n', 'http://www.loc.gov/posts/en/logs/2014/10/logout', {ts '2017-01-01'});
INSERT INTO companies (id, name, address, postal_code, description, url, date_created) VALUES (8, 'brunswick corporation', '4310 lovejoy, long beach, california, united states, 90750 ', 2679, 'Lorem ipsum pulvinar parturient potenti malesuada facilisis cum mauris justo maecenas ac pharetra torquent.\nMalesuada nibh id felis convallis dis quisque quisque gravida!\n', 'http://www.digg.com/cart/stories/2015/03/robots.txt', {ts '2017-01-01'});
INSERT INTO companies (id, name, address, postal_code, description, url, date_created) VALUES (9, 'arch coal', '4759 argyle, eugene, oregon, united states, 97429', 8733, 'Lorem ipsum at congue phasellus purus aenean fermentum mattis volutpat.\nAd ac blandit volutpat nunc lacus hendrerit vitae, dolor est dictumst aenean?\n', 'http://www.purevolume.com/fr/today/today/2014/10/file.txt', {ts '2017-01-01'});
INSERT INTO companies (id, name, address, postal_code, description, url, date_created) VALUES (10, 'rockwell automation', '6354 germania, milwaukee, wisconsin, united states, 53498', 1923, 'Lorem ipsum auctor metus mus commodo auctor elit montes aliquet.\nAuctor dictum ornare duis sem malesuada venenatis nec interdum justo nascetur.\n', 'http://www.163.com/resources/stories/2015/08/logo.jpg', {ts '2017-01-01'});

INSERT INTO users (id, first_name, last_name, password, email, address, age, postal_code, handy_number, city, date_created) VALUES (1, 'genesis', 'ruiz', 'password', 'Gene.RUI7292@yopmail.com', '1748 rosemont', 55, 4502, 9188879639, 'syracuse', {ts '2017-01-01'});
INSERT INTO users (id, first_name, last_name, password, email, address, age, postal_code, handy_number, city, date_created) VALUES (2, 'ronin', 'yates', 'password', 'Roni.YATES2209@yopmail.com', '1452 89th', 24, 6385, 5737181955, 'mobile', {ts '2017-01-01'});
INSERT INTO users (id, first_name, last_name, password, email, address, age, postal_code, handy_number, city, date_created) VALUES (3, 'brenna', 'estes', 'password', 'Bre.EST4891@dispostable.com', '3137 hortense', 42, 5595, 9254292059, 'amarillo', {ts '2017-01-01'});
INSERT INTO users (id, first_name, last_name, password, email, address, age, postal_code, handy_number, city, date_created) VALUES (4, 'solomon', 'juarez', 'password', 'Solomon.JUARE8984@reallymymail.com', '4169 haines', 54, 3956, 8788727939, 'independence', {ts '2017-01-01'});
INSERT INTO users (id, first_name, last_name, password, email, address, age, postal_code, handy_number, city, date_created) VALUES (5, 'ulises', 'warren', 'password', 'Ulise.WARR7057@reallymymail.com', '726 ada', 40, 1099, 9796283720, 'knoxville', {ts '2017-01-01'});
INSERT INTO users (id, first_name, last_name, password, email, address, age, postal_code, handy_number, city, date_created) VALUES (6, 'jaxton', 'holmes', 'password', 'Jax.HOLM3145@yopmail.com', '4975 fair', 37, 1877, 2515982994, 'montpelier', {ts '2017-01-01'});
INSERT INTO users (id, first_name, last_name, password, email, address, age, postal_code, handy_number, city, date_created) VALUES (7, 'antoine', 'cannon', 'password', 'Anto.CAN5541@dispostable.com', '3366 st james', 50, 3907, 3195315443, 'independence', {ts '2017-01-01'});
INSERT INTO users (id, first_name, last_name, password, email, address, age, postal_code, handy_number, city, date_created) VALUES (8, 'ellis', 'bean', 'password', 'El.BE1648@dispostable.com', '9213 randolph', 58, 2108, 2484370930, 'huntsville', {ts '2017-01-01'});
INSERT INTO users (id, first_name, last_name, password, email, address, age, postal_code, handy_number, city, date_created) VALUES (9, 'helena', 'velasquez', 'password', 'Helen.VELASQ6093@reallymymail.com', '2218 illinois', 31, 3971, 8578129776, 'laredo', {ts '2017-01-01'});
INSERT INTO users (id, first_name, last_name, password, email, address, age, postal_code, handy_number, city, date_created) VALUES (10, 'zion', 'poole', 'password', 'Zion.PO9230@dispostable.com', '7290 kennedy sacramento av', 45, 7392, 7721506585, 'augusta', {ts '2017-01-01'});

INSERT INTO events (id, event_name, logo, event_date, event_start, event_end, different_location, expected_person, company_id, date_created, visibility) VALUES (1, 'Pharetra vulputate.', 'http://placehold.it/300x250', {ts '2017-01-01'}, {ts '2017-01-01 00:00:00.00'}, {ts '2017-01-01 00:00:00.00'}, 0, 133, 3, {ts '2017-01-01'}, true );
INSERT INTO events (id, event_name, logo, event_date, event_start, event_end, different_location, expected_person, company_id, date_created, visibility) VALUES (2, 'Faucibus purus.', 'http://placehold.it/300x250', {ts '2017-01-01'}, {ts '2017-01-01 00:00:00.00'}, {ts '2017-01-01 00:00:00.00'}, 0, 57, 2, {ts '2017-01-01'}, false);
INSERT INTO events (id, event_name, logo, event_date, event_start, event_end, different_location, expected_person, company_id, date_created, visibility) VALUES (3, 'Aptent, congue.', 'http://placehold.it/300x250', {ts '2017-01-01'}, {ts '2017-01-01 00:00:00.00'}, {ts '2017-01-01 00:00:00.00'}, 0, 68, 1, {ts '2017-01-01'}, true);
INSERT INTO events (id, event_name, logo, event_date, event_start, event_end, different_location, expected_person, company_id, date_created, visibility) VALUES (4, 'Feugiat consequat?', 'http://placehold.it/300x250', {ts '2017-01-01'}, {ts '2017-01-01 00:00:00.00'}, {ts '2017-01-01 00:00:00.00'}, 0, 358, 2, {ts '2017-01-01'}, false );
INSERT INTO events (id, event_name, logo, event_date, event_start, event_end, different_location, expected_person, company_id, date_created, visibility) VALUES (5, 'Potenti viverra.', 'http://placehold.it/300x250', {ts '2017-01-01'}, {ts '2017-01-01 00:00:00.00'}, {ts '2017-01-01 00:00:00.00'}, 0, 451, 8, {ts '2017-01-01'}, true);
INSERT INTO events (id, event_name, logo, event_date, event_start, event_end, different_location, expected_person, company_id, date_created, visibility) VALUES (6, 'Fames sodales!', 'http://placehold.it/300x250', {ts '2017-01-01'}, {ts '2017-01-01 00:00:00.00'}, {ts '2017-01-01 00:00:00.00'}, 0, 371, 4, {ts '2017-01-01'}, true);
INSERT INTO events (id, event_name, logo, event_date, event_start, event_end, different_location, expected_person, company_id, date_created, visibility) VALUES (7, 'Porta facilisi.', 'http://placehold.it/300x250', {ts '2017-01-01'}, {ts '2017-01-01 00:00:00.00'}, {ts '2017-01-01 00:00:00.00'}, 0, 343, 6, {ts '2017-01-01'}, true);
INSERT INTO events (id, event_name, logo, event_date, event_start, event_end, different_location, expected_person, company_id, date_created, visibility) VALUES (8, 'Maecenas conubia.', 'http://placehold.it/300x250', {ts '2017-01-01'}, {ts '2017-01-01 00:00:00.00'}, {ts '2017-01-01 00:00:00.00'}, 1, 153, 1, {ts '2017-01-01'}, false);
INSERT INTO events (id, event_name, logo, event_date, event_start, event_end, different_location, expected_person, company_id, date_created, visibility) VALUES (9, 'Egestas justo.', 'http://placehold.it/300x250', {ts '2017-01-01'}, {ts '2017-01-01 00:00:00.00'}, {ts '2017-01-01 00:00:00.00'}, 0, 64, 3, {ts '2017-01-01'}, false);
INSERT INTO events (id, event_name, logo, event_date, event_start, event_end, different_location, expected_person, company_id, date_created, visibility) VALUES (10, 'Quisque consectetur.', 'http://placehold.it/300x250', {ts '2017-01-01'}, {ts '2017-01-01 00:00:00.00'}, {ts '2017-01-01 00:00:00.00'}, 0, 497, 4, {ts '2017-01-01'}, true);

INSERT INTO companies_users(works_by_id, users_id) VALUES (1, 1);
INSERT INTO companies_users(works_by_id, users_id) VALUES (1, 2);
INSERT INTO companies_users(works_by_id, users_id) VALUES (2, 1);
INSERT INTO companies_users(works_by_id, users_id) VALUES (2, 3);
INSERT INTO companies_users(works_by_id, users_id) VALUES (3, 1);
INSERT INTO companies_users(works_by_id, users_id) VALUES (3, 2);
INSERT INTO companies_users(works_by_id, users_id) VALUES (3, 3);
INSERT INTO companies_users(works_by_id, users_id) VALUES (3, 4);
INSERT INTO companies_users(works_by_id, users_id) VALUES (3, 5);
INSERT INTO companies_users(works_by_id, users_id) VALUES (4, 6);
INSERT INTO companies_users(works_by_id, users_id) VALUES (4, 7);
INSERT INTO companies_users(works_by_id, users_id) VALUES (4, 8);
INSERT INTO companies_users(works_by_id, users_id) VALUES (4, 9);
INSERT INTO companies_users(works_by_id, users_id) VALUES (4, 10);
INSERT INTO companies_users(works_by_id, users_id) VALUES (4, 1);
INSERT INTO companies_users(works_by_id, users_id) VALUES (5, 1);
INSERT INTO companies_users(works_by_id, users_id) VALUES (5, 6);
INSERT INTO companies_users(works_by_id, users_id) VALUES (5, 2);
INSERT INTO companies_users(works_by_id, users_id) VALUES (5, 5);
INSERT INTO companies_users(works_by_id, users_id) VALUES (5, 9);
INSERT INTO companies_users(works_by_id, users_id) VALUES (6, 10);
INSERT INTO companies_users(works_by_id, users_id) VALUES (6, 9);
INSERT INTO companies_users(works_by_id, users_id) VALUES (6, 1);
INSERT INTO companies_users(works_by_id, users_id) VALUES (6, 4);
INSERT INTO companies_users(works_by_id, users_id) VALUES (6, 5);
INSERT INTO companies_users(works_by_id, users_id) VALUES (6, 6);
INSERT INTO companies_users(works_by_id, users_id) VALUES (7, 1);
INSERT INTO companies_users(works_by_id, users_id) VALUES (7, 2);
INSERT INTO companies_users(works_by_id, users_id) VALUES (7, 3);
INSERT INTO companies_users(works_by_id, users_id) VALUES (8, 1);
INSERT INTO companies_users(works_by_id, users_id) VALUES (8, 10);
INSERT INTO companies_users(works_by_id, users_id) VALUES (8, 2);
INSERT INTO companies_users(works_by_id, users_id) VALUES (8, 3);
INSERT INTO companies_users(works_by_id, users_id) VALUES (8, 4);
INSERT INTO companies_users(works_by_id, users_id) VALUES (9, 1);
INSERT INTO companies_users(works_by_id, users_id) VALUES (9, 2);
INSERT INTO companies_users(works_by_id, users_id) VALUES (9, 3);
INSERT INTO companies_users(works_by_id, users_id) VALUES (9, 4);
INSERT INTO companies_users(works_by_id, users_id) VALUES (9, 5);
INSERT INTO companies_users(works_by_id, users_id) VALUES (10, 6);
INSERT INTO companies_users(works_by_id, users_id) VALUES (10, 5);
INSERT INTO companies_users(works_by_id, users_id) VALUES (10, 4);
INSERT INTO companies_users(works_by_id, users_id) VALUES (10, 3);
INSERT INTO companies_users(works_by_id, users_id) VALUES (10, 2);
INSERT INTO companies_users(works_by_id, users_id) VALUES (10, 1);
INSERT INTO companies_users(works_by_id, users_id) VALUES (10, 10);
